trade_date,status,trade_count,cycle_count,total_pnl,max_profit_seen,max_loss_seen
2025-01-01,empty_chain,0,0,0.0,,
2025-01-02,ok,4,1,-1262.5,145.0000000000001,-1262.5
2025-01-03,ok,6,2,1127.4999999999998,719.9999999999999,-90.00000000000001
2025-01-06,ok,6,2,1112.5,340.0,-337.5
2025-01-07,ok,8,3,54.999999999999886,339.9999999999999,-722.5000000000001
2025-01-08,ok,6,2,-630.0,530.0,-1092.5
2025-01-09,empty_chain,0,0,0.0,,
2025-01-10,ok,4,1,525.0000000000001,950.0000000000002,-37.49999999999983
2025-01-13,ok,4,1,522.5,690.0,-2.220446049250313e-14
2025-01-14,ok,6,2,-190.0,345.0,-1192.5000000000002
2025-01-15,ok,4,1,832.5,995.0,-174.99999999999997
2025-01-16,ok,3,1,855.0,945.0,-12.5
2025-01-17,ok,8,3,1575.0000000000002,275.0,-567.4999999999998
2025-01-20,empty_chain,0,0,0.0,,
2025-01-21,ok,4,1,227.49999999999994,462.5,-47.5
2025-01-22,ok,4,1,265.0,302.5,0.0
2025-01-23,ok,6,2,577.5,405.0,-10.000000000000009
2025-01-24,ok,6,2,354.99999999999994,289.9999999999999,-195.0
2025-01-27,ok,3,1,975.0,1100.0,-39.999999999999844
2025-01-28,ok,4,1,-202.5,312.5,-229.99999999999977
2025-01-29,ok,6,2,-510.0000000000003,172.49999999999997,-977.5
2025-01-30,ok,4,1,97.49999999999997,342.5,0.0
2025-01-31,ok,4,1,-682.4999999999998,370.0000000000001,-682.4999999999998
2025-02-03,ok,4,1,-1062.5,87.49999999999999,-1062.5
2025-02-04,ok,4,1,722.5,825.0,0.0
2025-02-05,ok,4,1,-157.5,225.0,-157.5
2025-02-06,ok,6,2,0.0,457.5,-175.00000000000003
2025-02-07,ok,4,1,-667.4999999999998,259.99999999999994,-667.4999999999998
2025-02-10,ok,4,1,410.0,447.49999999999994,0.0
2025-02-11,ok,8,3,1780.0,517.5,-700.0
2025-02-12,ok,4,1,-482.50000000000017,285.0,-482.50000000000017
2025-02-13,ok,6,2,-94.99999999999989,297.5,-422.4999999999999
2025-02-14,ok,4,1,377.5,430.0,0.0
2025-02-17,empty_chain,0,0,0.0,,
2025-02-18,ok,3,1,370.0,372.5,0.0
2025-02-19,ok,6,2,430.00000000000006,482.5000000000001,-172.5
2025-02-20,ok,4,1,637.5,755.0,-87.49999999999997
2025-02-21,ok,4,1,-565.0000000000002,240.0,-565.0000000000002
2025-02-24,ok,4,1,192.5,622.5,0.0
2025-02-25,ok,4,1,745.0000000000001,1012.5,-209.99999999999963
2025-02-26,ok,8,3,-772.4999999999995,412.5,-1587.4999999999995
2025-02-27,ok,4,1,-417.5000000000003,244.99999999999991,-810.0
2025-02-28,ok,6,2,252.50000000000023,727.5000000000002,-385.0
2025-03-03,ok,8,3,5160.0,4557.5,-927.5
2025-03-04,ok,4,1,670.0,1007.4999999999997,-140.0000000000001
2025-03-05,ok,4,1,87.49999999999926,374.9999999999997,-37.50000000000051
2025-03-06,ok,8,3,2635.0,425.00000000000006,-1324.9999999999998
2025-03-07,ok,4,1,-332.5000000000001,135.00000000000045,-332.5000000000001
2025-03-10,ok,4,1,312.4999999999999,502.49999999999983,-5.000000000000249
2025-03-11,ok,8,3,337.49999999999943,650.0000000000003,-655.0000000000007
2025-03-12,ok,6,2,-72.4999999999996,322.5000000000002,-1055.0
2025-03-13,ok,6,2,-257.5000000000007,397.5,-880.0000000000003
2025-03-14,ok,6,2,122.4999999999999,387.4999999999998,-1090.0
2025-03-17,ok,4,1,765.0000000000001,925.0,0.0
2025-03-18,ok,4,1,1570.0,1735.0,-5.000000000000227
2025-03-19,ok,8,3,5020.0,5132.5,-339.99999999999994
2025-03-20,ok,6,2,2160.0,535.0000000000001,-314.9999999999998
2025-03-21,ok,4,1,387.49999999999994,812.5,0.0
2025-03-24,ok,4,1,602.5,772.5,-19.999999999999993
2025-03-25,ok,4,1,639.9999999999999,722.5,0.0
2025-03-26,ok,10,4,-1254.9999999999998,260.0,-3047.5
2025-03-27,ok,6,2,522.5000000000002,677.5000000000001,-194.99999999999983
2025-03-28,ok,6,2,-1132.5,0.0,-1845.000000000001
2025-03-31,ok,4,1,87.50000000000014,487.5,0.0
2025-04-01,ok,4,1,-592.4999999999998,224.99999999999994,-592.4999999999998
2025-04-02,ok,4,1,-194.99999999999977,295.0000000000002,-194.99999999999974
2025-04-03,ok,4,1,52.49999999999966,254.9999999999999,-44.99999999999975
2025-04-04,ok,6,2,4464.999999999999,0.0,-1225.0000000000005
2025-04-07,ok,4,1,-1119.9999999999982,0.0,-3469.999999999997
2025-04-08,ok,4,1,269.99999999999966,404.99999999999926,-40.00000000000006
2025-04-09,ok,4,1,49.99999999999886,49.99999999999886,0.0
2025-04-10,ok,8,3,94.99999999999989,275.0000000000002,-784.9999999999999
2025-04-11,ok,4,1,-350.0000000000007,84.99999999999909,-774.9999999999999
2025-04-14,ok,4,1,192.49999999999977,585.0,0.0
2025-04-15,ok,4,1,382.5,837.5000000000001,-182.5000000000001
2025-04-16,ok,4,1,-349.99999999999926,170.0000000000005,-349.99999999999926
2025-04-17,ok,4,1,-149.9999999999999,75.00000000000014,-149.9999999999999
2025-04-18,empty_chain,0,0,0.0,,
2025-04-21,ok,4,1,132.50000000000006,345.00000000000045,-4.999999999999716
2025-04-22,ok,4,1,-85.0,232.49999999999983,-85.0
2025-04-23,ok,4,1,212.49999999999997,685.0,0.0
2025-04-24,ok,4,1,-365.0000000000002,134.99999999999997,-365.0000000000002
2025-04-25,ok,6,2,2405.0,875.0,-714.9999999999999
2025-04-28,ok,4,1,-292.49999999999994,394.99999999999994,-292.49999999999994
2025-04-29,ok,4,1,625.0000000000001,780.0,-37.499999999999886
2025-04-30,ok,4,1,-325.0000000000001,29.9999999999998,-325.0000000000001
2025-05-01,ok,10,4,1652.5,290.0000000000001,-1252.5
2025-05-02,ok,10,4,1037.5,584.9999999999998,-844.9999999999998
2025-05-05,ok,4,1,329.9999999999999,437.5,0.0
2025-05-06,ok,4,1,-367.5,60.00000000000002,-367.5
2025-05-07,ok,4,1,117.5000000000008,407.5000000000002,-264.99999999999955
2025-05-08,ok,4,1,-789.9999999999998,497.5,-789.9999999999998
2025-05-09,ok,5,2,627.5,557.5000000000001,-967.5000000000002
2025-05-12,ok,4,1,144.99999999999994,802.5,-85.00000000000014
2025-05-13,ok,6,2,837.4999999999999,414.99999999999994,-232.49999999999994
2025-05-14,ok,4,1,875.0,902.5,-1.0347278589506459e-13
2025-05-15,ok,4,1,-150.0,310.0,-287.50000000000006
2025-05-16,ok,6,2,1040.0,715.0,-115.00000000000001
2025-05-19,ok,4,1,242.5,472.5,-15.000000000000025
2025-05-20,ok,6,2,479.9999999999999,555.0,-147.50000000000003
2025-05-21,ok,6,2,-1152.5,425.0,-1362.5
2025-05-22,ok,4,1,244.9999999999997,507.4999999999999,-332.50000000000006
2025-05-23,ok,8,3,1817.5,815.0,-884.9999999999999
2025-05-26,empty_chain,0,0,0.0,,
2025-05-27,ok,6,2,-510.0,207.5,-865.0
2025-05-28,ok,6,2,317.49999999999994,532.5,-2.4999999999999627
2025-05-29,ok,4,1,-600.0,470.0,-600.0
2025-05-30,ok,4,1,-580.0000000000002,467.4999999999999,-580.0000000000002
2025-06-02,ok,4,1,-262.5000000000001,139.99999999999983,-390.0000000000002
2025-06-03,ok,4,1,-192.5,177.49999999999997,-205.0
2025-06-04,ok,4,1,617.5,690.0,-24.999999999999968
2025-06-05,ok,4,1,-542.5,137.50000000000006,-542.5
2025-06-06,ok,4,1,600.0,612.5,-72.49999999999999
2025-06-09,ok,7,3,2085.0,429.9999999999999,-280.00000000000017
2025-06-10,ok,4,1,262.50000000000006,370.0,-119.99999999999999
2025-06-11,ok,10,4,-374.9999999999999,412.5,-1812.5000000000002
2025-06-12,ok,8,3,1167.5,235.0,-322.5
2025-06-13,ok,8,3,1200.0,232.49999999999994,-1197.5
2025-06-16,ok,4,1,372.5,455.0,-37.49999999999999
2025-06-17,ok,8,3,602.5,377.50000000000006,-580.0
2025-06-18,ok,6,2,192.50000000000006,632.5,-299.99999999999983
2025-06-19,empty_chain,0,0,0.0,,
2025-06-20,ok,4,1,-987.5,89.99999999999999,-987.5
2025-06-23,ok,6,2,-1240.0000000000002,185.00000000000006,-1445.0000000000002
2025-06-24,ok,6,2,264.99999999999994,277.50000000000006,-232.5
2025-06-25,ok,6,2,267.5,227.49999999999997,-50.00000000000003
2025-06-26,ok,4,1,127.5,167.5,0.0
2025-06-27,ok,8,3,1565.0,692.5,-92.49999999999997
2025-06-30,ok,3,1,487.5,512.5,0.0
2025-07-01,ok,4,1,277.50000000000006,320.00000000000006,-152.49999999999994
2025-07-02,ok,8,3,1412.5,555.0,-49.99999999999999
2025-07-03,ok,4,1,152.5,152.50000000000003,0.0
2025-07-04,empty_chain,0,0,0.0,,
2025-07-07,ok,8,3,-1210.0000000000002,62.50000000000005,-1342.5000000000002
2025-07-08,ok,3,1,425.0,435.0,0.0
2025-07-09,ok,4,1,315.0,362.5,-625.0
2025-07-10,ok,5,2,552.5000000000001,362.5000000000001,-249.99999999999994
2025-07-11,ok,4,1,392.5,434.99999999999994,0.0
2025-07-14,ok,4,1,157.50000000000003,170.00000000000003,0.0
2025-07-15,ok,6,2,332.50000000000006,392.5,-142.50000000000006
2025-07-16,ok,4,1,284.99999999999994,335.0,-1075.0000000000002
2025-07-17,ok,8,3,1220.0,437.49999999999983,-132.5000000000002
2025-07-18,ok,4,1,210.0,242.5,-114.99999999999997
2025-07-21,ok,4,1,102.5,152.5,-12.499999999999998
2025-07-22,ok,4,1,17.50000000000003,310.0,0.0
2025-07-23,ok,4,1,40.0,122.5,-280.0
2025-07-24,ok,4,1,222.5,265.0,-27.50000000000002
2025-07-25,ok,6,2,215.00000000000003,105.0,-84.99999999999999
2025-07-28,ok,3,1,197.5,202.5,-6.661338147750939e-15
2025-07-29,ok,10,4,-99.99999999999997,47.5,-522.5
2025-07-30,ok,4,1,135.0,257.5,-42.5
2025-07-31,ok,6,2,-1189.9999999999995,47.499999999999986,-1257.4999999999995
2025-08-01,ok,4,1,-80.00000000000023,702.5,-80.00000000000023
2025-08-04,ok,3,1,502.5,600.0,0.0
2025-08-05,ok,7,3,612.5,437.49999999999994,-877.5
2025-08-06,ok,4,1,132.5,197.50000000000006,-247.5
2025-08-07,ok,10,4,-542.5,0.0,-2717.5000000000005
2025-08-08,ok,4,1,354.99999999999994,357.49999999999994,-55.000000000000036
2025-08-11,ok,6,2,-182.50000000000003,197.5,-247.50000000000003
2025-08-12,ok,4,1,-324.99999999999994,184.99999999999994,-324.99999999999994
2025-08-13,ok,6,2,215.0,227.5,-209.99999999999997
2025-08-14,ok,3,1,377.5,380.0,-37.49999999999998
2025-08-15,ok,3,1,397.5,405.0,-105.00000000000007
2025-08-18,ok,4,1,157.5,195.0,-7.500000000000007
2025-08-19,ok,10,4,-1500.0000000000005,12.500000000000014,-2105.0
2025-08-20,ok,4,1,617.5,775.0,-165.0000000000001
2025-08-21,ok,6,2,70.0,442.49999999999994,-332.5000000000001
2025-08-22,ok,8,3,722.5,927.5,-375.0
2025-08-25,ok,4,1,160.0,187.5,0.0
2025-08-26,ok,4,1,170.0,195.0,0.0
2025-08-27,ok,8,3,1637.5,300.0,0.0
2025-08-28,ok,4,1,180.0,260.0,0.0
2025-08-29,ok,4,1,592.5,592.5,0.0
2025-09-01,empty_chain,0,0,0.0,,
2025-09-02,ok,6,2,-392.5,220.0,-1127.5
2025-09-03,ok,6,2,295.00000000000006,335.0,-177.5
2025-09-04,ok,6,2,-69.99999999999994,132.49999999999997,-232.49999999999991
2025-09-05,ok,4,1,-1892.5000000000005,0.0,-1892.5000000000005
2025-09-08,ok,3,1,190.0,222.5,-15.000000000000025
2025-09-09,ok,4,1,232.5,275.0,-80.0
2025-09-10,ok,6,2,430.0,407.5,-145.00000000000003
2025-09-11,ok,6,2,362.5,207.50000000000003,-49.99999999999997
2025-09-12,ok,4,1,152.50000000000003,150.00000000000003,-12.499999999999964
2025-09-15,ok,4,1,150.0,225.0,-7.4999999999999964
2025-09-16,ok,3,1,227.50000000000003,230.00000000000003,-2.49999999999998
2025-09-17,ok,6,2,-237.49999999999926,245.00000000000023,-684.9999999999995
2025-09-18,ok,4,1,382.49999999999994,447.5,-5.000000000000059
2025-09-19,ok,4,1,220.0,265.0,-102.49999999999997
2025-09-22,ok,6,2,120.0,137.49999999999997,-244.99999999999994
2025-09-23,ok,6,2,-1250.0000000000002,70.00000000000001,-1280.0000000000002
2025-09-24,ok,8,3,215.00000000000006,100.00000000000004,-822.5000000000001
2025-09-25,ok,6,2,-352.5000000000001,452.4999999999999,-560.0
2025-09-26,ok,4,1,459.9999999999999,547.4999999999999,-642.5
2025-09-29,ok,6,2,115.00000000000003,240.00000000000003,-22.49999999999997
2025-09-30,ok,6,2,267.49999999999994,315.0,-122.50000000000004
2025-10-01,ok,6,2,1050.0,217.5,-499.9999999999999
2025-10-02,ok,4,1,252.5,312.5,-420.0
2025-10-03,ok,4,1,-425.0000000000001,227.49999999999997,-425.0000000000001
2025-10-06,ok,6,2,332.5,177.5,-42.499999999999986
2025-10-07,ok,6,2,109.99999999999997,237.5,-1175.0
2025-10-08,ok,4,1,172.5,170.0,0.0
2025-10-09,ok,6,2,217.49999999999997,357.49999999999994,-255.0
2025-10-10,ok,4,1,-2177.5,152.50000000000003,-2177.5
2025-10-13,ok,3,1,910.0000000000002,915.0000000000002,-382.4999999999998
2025-10-14,ok,4,1,-660.0,197.49999999999977,-660.0
2025-10-15,ok,6,2,-1480.0,232.5,-1675.0
2025-10-16,ok,6,2,-1300.0,340.0000000000001,-1652.5
2025-10-17,ok,4,1,1285.0,1497.5,-172.50000000000017
2025-10-20,ok,5,2,84.99999999999989,257.5,-322.5000000000001
2025-10-21,ok,9,4,647.5,274.9999999999999,-595.0
2025-10-22,ok,6,2,-2270.0,32.500000000000064,-2355.0
2025-10-23,ok,6,2,732.5,435.0,-254.99999999999991
2025-10-24,ok,4,1,372.5,375.0,-32.50000000000003
2025-10-27,ok,4,1,215.0,217.5,-59.99999999999996
2025-10-28,ok,8,3,-122.49999999999989,220.0,-407.4999999999999
2025-10-29,ok,4,1,-1290.0,279.99999999999994,-1290.0
2025-10-30,ok,6,2,422.4999999999999,902.5,-27.500000000000014
2025-10-31,ok,8,3,3110.0,2307.5,-767.4999999999999
2025-11-03,ok,4,1,752.5,932.5,-264.9999999999999
2025-11-04,ok,8,3,457.50000000000006,335.0000000000001,-897.4999999999998
2025-11-05,ok,4,1,-317.5000000000001,275.0,-317.5000000000001
2025-11-06,ok,6,2,55.00000000000001,607.5,-477.5
2025-11-07,ok,4,1,895.0,1182.5,-192.4999999999999
2025-11-10,ok,8,3,1180.0,900.0,-605.0
2025-11-11,ok,4,1,-55.0,237.5,-170.00000000000006
2025-11-12,ok,3,1,507.5,507.5,-552.5
2025-11-13,ok,8,3,-1055.0,132.49999999999997,-1580.0
2025-11-14,ok,6,2,-822.4999999999998,0.0,-2504.9999999999995
2025-11-17,ok,4,1,-142.50000000000006,777.5,-527.5
2025-11-18,ok,4,1,-447.4999999999998,237.50000000000006,-447.4999999999998
2025-11-19,ok,6,2,-1815.0000000000005,115.00000000000007,-2222.5000000000005
2025-11-20,ok,4,1,-1712.499999999999,230.00000000000028,-1712.499999999999
2025-11-21,ok,6,2,-232.5000000000013,270.00000000000006,-1572.5
2025-11-24,ok,6,2,695.0000000000001,612.5000000000001,-632.5
2025-11-25,ok,6,2,-1782.5000000000007,74.99999999999986,-2999.9999999999995
2025-11-26,ok,6,2,377.5,209.99999999999997,-722.5
2025-11-27,empty_chain,0,0,0.0,,
2025-11-28,ok,3,1,582.5,590.0,0.0
2025-12-01,ok,4,1,659.9999999999999,829.9999999999999,-277.50000000000006
2025-12-02,ok,6,2,344.9999999999999,259.99999999999994,-775.0
2025-12-03,ok,4,1,537.5,545.0,-117.5
2025-12-04,ok,4,1,700.0,810.0,0.0
2025-12-05,ok,6,2,335.00000000000006,422.50000000000006,-277.49999999999994
2025-12-08,ok,10,4,77.49999999999994,70.0,-755.0
2025-12-09,ok,4,1,295.0,345.0,0.0
2025-12-10,ok,4,1,27.5,207.50000000000014,-167.5000000000001
2025-12-11,ok,4,1,-557.5,312.5000000000001,-557.5
2025-12-12,ok,4,1,-2102.5,0.0,-2102.5
2025-12-15,ok,4,1,750.0,870.0,-295.0
2025-12-16,ok,10,4,2027.5000000000005,1594.9999999999998,-1055.0
2025-12-17,ok,6,2,1690.0,135.00000000000014,-1952.5
2025-12-18,ok,6,2,272.49999999999994,730.0,-315.0
2025-12-19,ok,4,1,512.5,525.0,-134.99999999999997
2025-12-22,ok,3,1,272.5,330.0,-37.50000000000001
2025-12-23,ok,8,3,730.0,557.5,-65.0
2025-12-24,ok,6,2,1542.5,115.00000000000021,-264.99999999999994
2025-12-25,empty_chain,0,0,0.0,,
2025-12-26,ok,4,1,155.0,190.0,-15.000000000000004
2025-12-29,ok,4,1,220.00000000000003,255.00000000000003,0.0
2025-12-30,ok,4,1,155.0,185.0,-75.0
2025-12-31,ok,6,2,67.50000000000006,260.0,-67.49999999999999
2026-01-01,empty_chain,0,0,0.0,,
2026-01-02,ok,8,3,-2270.0,0.0,-2415.0
2026-01-05,empty_chain,0,0,0.0,,
2026-01-06,empty_chain,0,0,0.0,,
2026-01-07,empty_chain,0,0,0.0,,
2026-01-08,ok,4,1,340.0,395.0,-10.0
2026-01-09,empty_chain,0,0,0.0,,
2026-01-12,empty_chain,0,0,0.0,,
2026-01-13,empty_chain,0,0,0.0,,
2026-01-14,empty_chain,0,0,0.0,,
2026-01-15,empty_chain,0,0,0.0,,
2026-01-16,empty_chain,0,0,0.0,,
2026-01-19,empty_chain,0,0,0.0,,
2026-01-20,empty_chain,0,0,0.0,,
2026-01-21,empty_chain,0,0,0.0,,
2026-01-22,empty_chain,0,0,0.0,,
2026-01-23,empty_chain,0,0,0.0,,
2026-01-26,empty_chain,0,0,0.0,,
2026-01-27,empty_chain,0,0,0.0,,
2026-01-28,empty_chain,0,0,0.0,,
2026-01-29,empty_chain,0,0,0.0,,
2026-01-30,empty_chain,0,0,0.0,,
2026-02-02,empty_chain,0,0,0.0,,
2026-02-03,ok,6,2,-1807.5,160.00000000000006,-2032.5
2026-02-04,ok,4,1,-627.5,707.5,-627.5
2026-02-05,ok,4,1,1605.0,1747.5,-77.49999999999949
2026-02-06,ok,6,2,-520.0,347.5,-1475.0
2026-02-09,empty_chain,0,0,0.0,,
2026-02-10,ok,8,3,437.5,310.0,-200.00000000000003
2026-02-11,empty_chain,0,0,0.0,,
2026-02-12,empty_chain,0,0,0.0,,
2026-02-13,ok,8,3,2605.0,810.0,-994.9999999999999
2026-02-16,empty_chain,0,0,0.0,,
2026-02-17,ok,4,1,-322.5,370.0,-764.9999999999995
2026-02-18,ok,10,4,2529.9999999999995,1092.4999999999998,0.0
2026-02-19,ok,8,3,1192.5,597.5,-545.0
